{
  "id": "",
  "name": "",
  "font_family": "iconfont",
  "css_prefix_text": "icon-",
  "description": "",
  "glyphs": [
    {
      "icon_id": "2261412",
      "name": "箭头",
      "font_class": "chevron-copy",
      "unicode": "e60d",
      "unicode_decimal": 58893
    },
    {
      "icon_id": "3550135",
      "name": "箭头",
      "font_class": "arrow-r",
      "unicode": "e635",
      "unicode_decimal": 58933
    },
    {
      "icon_id": "7109571",
      "name": "导航",
      "font_class": "daohang",
      "unicode": "e60e",
      "unicode_decimal": 58894
    },
    {
      "icon_id": "9062583",
      "name": "更多",
      "font_class": "gengduo",
      "unicode": "e64d",
      "unicode_decimal": 58957
    },
    {
      "icon_id": "10767274",
      "name": "订单列表",
      "font_class": "dingdanliebiao",
      "unicode": "e79b",
      "unicode_decimal": 59291
    },
    {
      "icon_id": "14416746",
      "name": "管理分类",
      "font_class": "leimupinleifenleileibie",
      "unicode": "e68c",
      "unicode_decimal": 59020
    },
    {
      "icon_id": "15994350",
      "name": "我 的 (1)",
      "font_class": "wode1",
      "unicode": "e68d",
      "unicode_decimal": 59021
    },
    {
      "icon_id": "16447175",
      "name": "首 页",
      "font_class": "shouye",
      "unicode": "e653",
      "unicode_decimal": 58963
    },
    {
      "icon_id": "18400558",
      "name": "购物车",
      "font_class": "gouwuche",
      "unicode": "e609",
      "unicode_decimal": 58889
    },
    {
      "icon_id": "18460202",
      "name": "搜索",
      "font_class": "sousuo",
      "unicode": "e603",
      "unicode_decimal": 58883
    }
  ]
}
